method,dataset,total_records,sample_size,sampling_fraction_pct,exact_sum,approx_sum,exact_mean,approx_mean,sum_accuracy_loss_pct,mean_accuracy_loss_pct,elapsed_time_sec,cpu_time_sec,throughput_items_per_sec,latency_us_per_item,peak_rss_mb
Exact,Gaussian_Paper_5.1,20000,20000,100.00,6119982.2572,6119982.2572,305.9991,305.9991,0.0000,0.0000,0.000499,0.000499,40053832.36,0.0250,594.27
SRS,Gaussian_Paper_5.1,20000,20000,100.00,6119982.2572,6119982.2572,305.9991,305.9991,0.0000,0.0000,0.005537,0.005529,3612352.66,0.2768,594.27
OASRS,Gaussian_Paper_5.1,20000,10818,100.00,6119982.2572,6120479.3988,305.9991,306.0240,0.0081,0.0081,0.007687,0.007672,2601906.60,0.3843,594.27
SRS,Gaussian_Paper_5.1,20000,16000,80.00,6119982.2572,6085934.0618,305.9991,304.2967,0.5563,0.5563,0.005326,0.005315,3755320.59,0.2663,594.27
OASRS,Gaussian_Paper_5.1,20000,9485,80.00,6119982.2572,6121095.1523,305.9991,306.0548,0.0182,0.0182,0.007969,0.007951,2509749.44,0.3984,594.27
SRS,Gaussian_Paper_5.1,20000,12000,60.00,6119982.2572,6085841.3633,305.9991,304.2921,0.5579,0.5579,0.005587,0.005576,3579675.89,0.2794,594.27
OASRS,Gaussian_Paper_5.1,20000,8152,60.00,6119982.2572,6118972.4595,305.9991,305.9486,0.0165,0.0165,0.008010,0.007995,2496899.48,0.4005,594.27
SRS,Gaussian_Paper_5.1,20000,8000,40.00,6119982.2572,6128230.9149,305.9991,306.4115,0.1348,0.1348,0.005688,0.005664,3516409.32,0.2844,594.27
OASRS,Gaussian_Paper_5.1,20000,5534,40.00,6119982.2572,6121962.0653,305.9991,306.0981,0.0323,0.0323,0.007417,0.007403,2696371.33,0.3709,594.27
SRS,Gaussian_Paper_5.1,20000,4000,20.00,6119982.2572,5337776.4340,305.9991,266.8888,12.7812,12.7812,0.004755,0.004736,4205737.09,0.2378,594.27
OASRS,Gaussian_Paper_5.1,20000,2868,20.00,6119982.2572,6119109.1854,305.9991,305.9555,0.0143,0.0143,0.006004,0.005986,3331219.67,0.3002,594.27
SRS,Gaussian_Paper_5.1,20000,2000,10.00,6119982.2572,5618560.8512,305.9991,280.9280,8.1932,8.1932,0.003486,0.003479,5737257.69,0.1743,594.27
OASRS,Gaussian_Paper_5.1,20000,1534,10.00,6119982.2572,6123327.4619,305.9991,306.1664,0.0547,0.0547,0.005644,0.005622,3543819.68,0.2822,594.27
Exact,Poisson_Skewed_5.7,50000,50000,100.00,410317741.0000,410317741.0000,8206.3548,8206.3548,0.0000,0.0000,0.001338,0.001331,37381584.48,0.0268,594.27
SRS,Poisson_Skewed_5.7,50000,20000,40.00,410317741.0000,260330792.5000,8206.3548,5206.6159,36.5539,36.5539,0.016612,0.016562,3009836.14,0.3322,594.27
OASRS,Poisson_Skewed_5.7,50000,13336,40.00,410317741.0000,410316384.3120,8206.3548,8206.3277,0.0003,0.0003,0.017781,0.017724,2811949.21,0.3556,594.27
SRS,Poisson_Skewed_5.7,50000,10000,20.00,410317741.0000,10455505.0000,8206.3548,209.1101,97.4519,97.4519,0.012688,0.012650,3940770.84,0.2538,594.27
OASRS,Poisson_Skewed_5.7,50000,6670,20.00,410317741.0000,410315929.7969,8206.3548,8206.3186,0.0004,0.0004,0.015412,0.015363,3244225.91,0.3082,594.27
SRS,Poisson_Skewed_5.7,50000,5000,10.00,410317741.0000,9829800.0000,8206.3548,196.5960,97.6043,97.6043,0.009996,0.009965,5001871.70,0.1999,594.27
OASRS,Poisson_Skewed_5.7,50000,3336,10.00,410317741.0000,410319521.4994,8206.3548,8206.3904,0.0004,0.0004,0.013864,0.013826,3606416.22,0.2773,594.27
